{
  "training_history": {
    "train_loss": [
      NaN,
      NaN,
      NaN,
      NaN,
      NaN
    ],
    "val_loss": [
      NaN,
      NaN,
      NaN,
      NaN,
      NaN
    ],
    "train_accuracy": [
      0.9890376246350465,
      0.9898639343359225,
      0.9898639343359225,
      0.9898639343359225,
      0.9898639343359225
    ],
    "val_accuracy": [
      0.9888448190381756,
      0.9888448190381756,
      0.9888448190381756,
      0.9888448190381756,
      0.9888448190381756
    ],
    "epoch_times": [
      11.905734062194824,
      9.962369918823242,
      10.510810136795044,
      10.226776123046875,
      8.51069688796997
    ]
  },
  "final_metrics": {
    "train_accuracy": 0.9898639343359225,
    "val_accuracy": 0.9888448190381756,
    "test_accuracy": 0.9895884977689638,
    "total_parameters": 4104,
    "model_size_mb": 0.015655517578125
  }
}