{
  "training_history": {
    "train_loss": [
      NaN,
      NaN,
      NaN,
      NaN,
      NaN
    ],
    "val_loss": [
      NaN,
      NaN,
      NaN,
      NaN,
      NaN
    ],
    "train_accuracy": [
      0.9900567399327935,
      0.9900842835894893,
      0.9900842835894893,
      0.9900842835894893,
      0.9900842835894893
    ],
    "val_accuracy": [
      0.9890100809783506,
      0.9890100809783506,
      0.9890100809783506,
      0.9890100809783506,
      0.9890100809783506
    ],
    "epoch_times": [
      89.02140998840332,
      90.38166570663452,
      82.13705897331238,
      75.11412906646729,
      72.65903615951538
    ]
  },
  "final_metrics": {
    "train_accuracy": 0.9900842835894893,
    "val_accuracy": 0.9890100809783506,
    "test_accuracy": 0.9887621880680879,
    "total_parameters": 4104,
    "model_size_mb": 0.015655517578125
  }
}