{
  "training_history": {
    "train_loss": [
      4.114755630493164,
      0.0,
      0.0,
      0.0,
      0.0
    ],
    "val_loss": [
      0.0,
      0.0,
      0.0,
      0.0,
      0.0
    ],
    "train_accuracy": [
      0.3333333333333333,
      0.0,
      0.0,
      0.0,
      0.0
    ],
    "val_accuracy": [
      0.0,
      0.0,
      0.0,
      0.0,
      0.0
    ],
    "epoch_times": [
      13.432797193527222,
      12.027472019195557,
      12.059609174728394,
      14.314821004867554,
      13.675350904464722
    ]
  },
  "final_metrics": {
    "train_accuracy": 0.0,
    "val_accuracy": 0.0,
    "test_accuracy": 0.0,
    "total_parameters": 13902,
    "model_size_mb": 0.05303192138671875
  }
}